PSGC,Area,Level,Income
1380100000,CITY OF CALOOCAN,City,1st
1380200000,CITY OF LAS PINAS,City,1st
1380300000,CITY OF MAKATI,City,1st
1380400000,CITY OF MALABON,City,1st
1380500000,CITY OF MANDALUYONG,City,1st
1380600000,CITY OF MANILA,City,1st
1380700000,CITY OF MARIKINA,City,1st
1380800000,CITY OF MUNTINLUPA,City,1st
1380900000,CITY OF NAVOTAS,City,2nd
1381000000,CITY OF PARANAQUE,City,1st
1381100000,CITY OF PASAY,City,1st
1381200000,CITY OF PASIG,City,1st
1381300000,CITY OF QUEZON,City,1st
1381400000,CITY OF SAN JUAN,City,1st
1381500000,CITY OF TAGUIG,City,1st
1381600000,CITY OF VALENZUELA,City,1st
1381701000,PATEROS,Mun,1st
1400100000,ABRA,Prov,3rd
1400101000,BANGUED,Mun,1st
1400102000,BOLINEY,Mun,5th
1400103000,BUCAY,Mun,5th
1400104000,BUCLOC,Mun,6th
1400105000,DAGUIOMAN,Mun,5th
1400106000,DANGLAS,Mun,5th
1400107000,DOLORES,Mun,5th
1400108000,LA PAZ,Mun,5th
1400109000,LACUB,Mun,5th
1400110000,LAGANGILANG,Mun,5th
1400111000,LAGAYAN,Mun,5th
1400112000,LANGIDEN,Mun,5th
1400113000,LICUAN-BAAY,Mun,5th
1400114000,LUBA,Mun,5th
1400115000,MALIBCONG,Mun,5th
1400116000,MANABO,Mun,5th
1400117000,PENARRUBIA,Mun,6th
1400118000,PIDIGAN,Mun,5th
1400119000,PILAR,Mun,5th
1400120000,SALLAPADAN,Mun,5th
1400121000,SAN ISIDRO,Mun,5th
1400122000,SAN JUAN,Mun,5th
1400123000,SAN QUINTIN,Mun,5th
1400124000,TAYUM,Mun,5th
1400125000,TINEG,Mun,2nd
1400126000,TUBO,Mun,4th
1400127000,VILLAVICIOSA,Mun,5th
1401100000,BENGUET,Prov,2nd
1401101000,ATOK,Mun,4th
1401103000,BAKUN,Mun,3rd
1401104000,BOKOD,Mun,4th
1401105000,BUGUIAS,Mun,3rd
1401106000,ITOGON,Mun,1st
1401107000,KABAYAN,Mun,4th
1401108000,KAPANGAN,Mun,4th
1401109000,KIBUNGAN,Mun,4th
1401110000,LA TRINIDAD,Mun,1st
1401111000,MANKAYAN,Mun,1st
1401112000,SABLAN,Mun,5th
1401113000,TUBA,Mun,1st
1401114000,TUBLAY,Mun,5th
1402700000,IFUGAO,Prov,3rd
1402701000,BANAUE,Mun,4th
1402702000,HUNGDUAN,Mun,4th
1402703000,KIANGAN,Mun,4th
1402704000,LAGAWE,Mun,4th
1402705000,LAMUT,Mun,4th
1402706000,MAYOYAO,Mun,4th
1402707000,ALFONSO LISTA,Mun,3rd
1402708000,AGUINALDO,Mun,2nd
1402709000,HINGYON,Mun,5th
1402710000,TINOC,Mun,4th
1402711000,ASIPULO,Mun,5th
1403200000,KALINGA,Prov,3rd
1403201000,BALBALAN,Mun,3rd
1403206000,LUBUAGAN,Mun,4th
1403208000,PASIL,Mun,5th
1403209000,PINUKPUK,Mun,1st
1403211000,RIZAL,Mun,4th
1403213000,CITY OF TABUK,City,5th
1403214000,TANUDAN,Mun,4th
1403215000,TINGLAYAN,Mun,4th
1404400000,MOUNTAIN PROVINCE,Prov,4th
1404401000,BARLIG,Mun,5th
1404402000,BAUKO,Mun,4th
1404403000,BESAO,Mun,5th
1404404000,BONTOC,Mun,2nd
1404405000,NATONIN,Mun,4th
1404406000,PARACELIS,Mun,2nd
1404407000,SABANGAN,Mun,5th
1404408000,SADANGA,Mun,5th
1404409000,SAGADA,Mun,5th
1404410000,TADIAN,Mun,4th
1408100000,APAYAO,Prov,3rd
1408101000,CALANASAN,Mun,1st
1408102000,CONNER,Mun,2nd
1408103000,FLORA,Mun,3rd
1408104000,KABUGAO,Mun,1st
1408105000,LUNA,Mun,2nd
1408106000,PUDTOL,Mun,4th
1408107000,SANTA MARCELA,Mun,4th
1430300000,CITY OF BAGUIO,City,1st
0102800000,ILOCOS NORTE,Prov,1st
0102801000,ADAMS,Mun,5th
0102802000,BACARRA,Mun,3rd
0102803000,BADOC,Mun,3rd
0102804000,BANGUI,Mun,4th
0102805000,CITY OF BATAC,City,5th
0102806000,BURGOS,Mun,5th
0102807000,CARASI,Mun,5th
0102808000,CURRIMAO,Mun,4th
0102809000,DINGRAS,Mun,2nd
0102810000,DUMALNEG,Mun,5th
0102811000,BANNA,Mun,4th
0102812000,CITY OF LAOAG,City,3rd
0102813000,MARCOS,Mun,4th
0102814000,NUEVA ERA,Mun,3rd
0102815000,PAGUDPUD,Mun,4th
0102816000,PAOAY,Mun,4th
0102817000,PASUQUIN,Mun,3rd
0102818000,PIDDIG,Mun,3rd
0102819000,PINILI,Mun,3rd
0102820000,SAN NICOLAS,Mun,2nd
0102821000,SARRAT,Mun,4th
0102822000,SOLSONA,Mun,3rd
0102823000,VINTAR,Mun,1st
0102900000,ILOCOS SUR,Prov,1st
0102901000,ALILEM,Mun,4th
0102902000,BANAYOYO,Mun,4th
0102903000,BANTAY,Mun,3rd
0102904000,BURGOS,Mun,4th
0102905000,CABUGAO,Mun,1st
0102906000,CITY OF CANDON,City,4th
0102907000,CAOAYAN,Mun,4th
0102908000,CERVANTES,Mun,4th
0102909000,GALIMUYOD,Mun,4th
0102910000,GREGORIO DEL PILAR,Mun,5th
0102911000,LIDLIDDA,Mun,5th
0102912000,MAGSINGAL,Mun,3rd
0102913000,NAGBUKEL,Mun,5th
0102914000,NARVACAN,Mun,2nd
0102915000,QUIRINO,Mun,4th
0102916000,SALCEDO,Mun,4th
0102917000,SAN EMILIO,Mun,4th
0102918000,SAN ESTEBAN,Mun,5th
0102919000,SAN ILDEFONSO,Mun,5th
0102920000,SAN JUAN,Mun,3rd
0102921000,SAN VICENTE,Mun,5th
0102922000,SANTA,Mun,4th
0102923000,SANTA CATALINA,Mun,5th
0102924000,SANTA CRUZ,Mun,1st
0102925000,SANTA LUCIA,Mun,3rd
0102926000,SANTA MARIA,Mun,3rd
0102927000,SANTIAGO,Mun,4th
0102928000,SANTO DOMINGO,Mun,3rd
0102929000,SIGAY,Mun,5th
0102930000,SINAIT,Mun,3rd
0102931000,SUGPON,Mun,5th
0102932000,SUYO,Mun,4th
0102933000,TAGUDIN,Mun,2nd
0102934000,CITY OF VIGAN,City,4th
0103300000,LA UNION,Prov,1st
0103301000,AGOO,Mun,1st
0103302000,ARINGAY,Mun,2nd
0103303000,BACNOTAN,Mun,1st
0103304000,BAGULIN,Mun,5th
0103305000,BALAOAN,Mun,1st
0103306000,BANGAR,Mun,3rd
0103307000,BAUANG,Mun,1st
0103308000,BURGOS,Mun,5th
0103309000,CABA,Mun,4th
0103310000,LUNA,Mun,3rd
0103311000,NAGUILIAN,Mun,1st
0103312000,PUGO,Mun,5th
0103313000,ROSARIO,Mun,1st
0103314000,CITY OF SAN FERNANDO,City,3rd
0103315000,SAN GABRIEL,Mun,4th
0103316000,SAN JUAN,Mun,2nd
0103317000,SANTO TOMAS,Mun,4th
0103318000,SANTOL,Mun,4th
0103319000,SUDIPEN,Mun,4th
0103320000,TUBAO,Mun,4th
0105500000,PANGASINAN,Prov,1st
0105501000,AGNO,Mun,3rd
0105502000,AGUILAR,Mun,3rd
0105503000,CITY OF ALAMINOS,City,4th
0105504000,ALCALA,Mun,3rd
0105505000,ANDA,Mun,3rd
0105506000,ASINGAN,Mun,2nd
0105507000,BALUNGAO,Mun,4th
0105508000,BANI,Mun,2nd
0105509000,BASISTA,Mun,4th
0105510000,BAUTISTA,Mun,4th
0105511000,BAYAMBANG,Mun,1st
0105512000,BINALONAN,Mun,1st
0105513000,BINMALEY,Mun,1st
0105514000,BOLINAO,Mun,1st
0105515000,BUGALLON,Mun,2nd
0105516000,BURGOS,Mun,4th
0105517000,CALASIAO,Mun,1st
0105518000,CITY OF DAGUPAN,City,2nd
0105519000,DASOL,Mun,3rd
0105520000,INFANTA,Mun,3rd
0105521000,LABRADOR,Mun,4th
0105522000,LINGAYEN,Mun,1st
0105523000,MABINI,Mun,3rd
0105524000,MALASIQUI,Mun,1st
0105525000,MANAOAG,Mun,1st
0105526000,MANGALDAN,Mun,1st
0105527000,MANGATAREM,Mun,1st
0105528000,MAPANDAN,Mun,3rd
0105529000,NATIVIDAD,Mun,4th
0105530000,POZORRUBIO,Mun,1st
0105531000,ROSALES,Mun,1st
0105532000,CITY OF SAN CARLOS,City,3rd
0105533000,SAN FABIAN,Mun,1st
0105534000,SAN JACINTO,Mun,3rd
0105535000,SAN MANUEL,Mun,1st
0105536000,SAN NICOLAS,Mun,1st
0105537000,SAN QUINTIN,Mun,3rd
0105538000,SANTA BARBARA,Mun,1st
0105539000,SANTA MARIA,Mun,4th
0105540000,SANTO TOMAS,Mun,5th
0105541000,SISON,Mun,3rd
0105542000,SUAL,Mun,1st
0105543000,TAYUG,Mun,3rd
0105544000,UMINGAN,Mun,1st
0105545000,URBIZTONDO,Mun,3rd
0105546000,CITY OF URDANETA,City,2nd
0105547000,VILLASIS,Mun,1st
0105548000,LAOAC,Mun,4th
0200900000,BATANES,Prov,5th
0200901000,BASCO,Mun,5th
0200902000,ITBAYAT,Mun,5th
0200903000,IVANA,Mun,6th
0200904000,MAHATAO,Mun,6th
0200905000,SABTANG,Mun,6th
0200906000,UYUGAN,Mun,6th
0201500000,CAGAYAN,Prov,1st
0201501000,ABULUG,Mun,3rd
0201502000,ALCALA,Mun,3rd
0201503000,ALLACAPAN,Mun,3rd
0201504000,AMULUNG,Mun,2nd
0201505000,APARRI,Mun,1st
0201506000,BAGGAO,Mun,1st
0201507000,BALLESTEROS,Mun,4th
0201508000,BUGUEY,Mun,3rd
0201509000,CALAYAN,Mun,3rd
0201510000,CAMALANIUGAN,Mun,4th
0201511000,CLAVERIA,Mun,3rd
0201512000,ENRILE,Mun,3rd
0201513000,GATTARAN,Mun,1st
0201514000,GONZAGA,Mun,1st
0201515000,IGUIG,Mun,4th
0201516000,LAL-LO,Mun,1st
0201517000,LASAM,Mun,3rd
0201518000,PAMPLONA,Mun,4th
0201519000,PENABLANCA,Mun,1st
0201520000,PIAT,Mun,4th
0201521000,RIZAL,Mun,5th
0201522000,SANCHEZ-MIRA,Mun,3rd
0201523000,SANTA ANA,Mun,2nd
0201524000,SANTA PRAXEDES,Mun,5th
0201525000,SANTA TERESITA,Mun,4th
0201526000,SANTO NINO,Mun,2nd
0201527000,SOLANA,Mun,1st
0201528000,TUAO,Mun,1st
0201529000,CITY OF TUGUEGARAO,City,3rd
0203100000,ISABELA,Prov,1st
0203101000,ALICIA,Mun,1st
0203102000,ANGADANAN,Mun,3rd
0203103000,AURORA,Mun,3rd
0203104000,BENITO SOLIVEN,Mun,4th
0203105000,BURGOS,Mun,4th
0203106000,CABAGAN,Mun,1st
0203107000,CABATUAN,Mun,3rd
0203108000,CITY OF CAUAYAN,City,3rd
0203109000,CORDON,Mun,3rd
0203110000,DINAPIGUE,Mun,1st
0203111000,DIVILACAN,Mun,2nd
0203112000,ECHAGUE,Mun,1st
0203113000,GAMU,Mun,4th
0203114000,CITY OF ILAGAN,City,1st
0203115000,JONES,Mun,1st
0203116000,LUNA,Mun,5th
0203117000,MACONACON,Mun,3rd
0203118000,DELFIN ALBANO,Mun,4th
0203119000,MALLIG,Mun,4th
0203120000,NAGUILIAN,Mun,4th
0203121000,PALANAN,Mun,1st
0203122000,QUEZON,Mun,4th
0203123000,QUIRINO,Mun,4th
0203124000,RAMON,Mun,2nd
0203125000,REINA MERCEDES,Mun,4th
0203126000,ROXAS,Mun,1st
0203127000,SAN AGUSTIN,Mun,3rd
0203128000,SAN GUILLERMO,Mun,4th
0203129000,SAN ISIDRO,Mun,5th
0203130000,SAN MANUEL,Mun,4th
0203131000,SAN MARIANO,Mun,1st
0203132000,SAN MATEO,Mun,1st
0203133000,SAN PABLO,Mun,2nd
0203134000,SANTA MARIA,Mun,4th
0203135000,CITY OF SANTIAGO,City,1st
0203136000,SANTO TOMAS,Mun,4th
0203137000,TUMAUINI,Mun,1st
0205000000,NUEVA VIZCAYA,Prov,2nd
0205001000,AMBAGUIO,Mun,5th
0205002000,ARITAO,Mun,2nd
0205003000,BAGABAG,Mun,2nd
0205004000,BAMBANG,Mun,1st
0205005000,BAYOMBONG,Mun,1st
0205006000,DIADI,Mun,4th
0205007000,DUPAX DEL NORTE,Mun,3rd
0205008000,DUPAX DEL SUR,Mun,2nd
0205009000,KASIBU,Mun,3rd
0205010000,KAYAPA,Mun,3rd
0205011000,QUEZON,Mun,4th
0205012000,SANTA FE,Mun,3rd
0205013000,SOLANO,Mun,1st
0205014000,VILLAVERDE,Mun,5th
0205015000,ALFONSO CASTANEDA,Mun,1st
0205700000,QUIRINO,Prov,3rd
0205701000,AGLIPAY,Mun,3rd
0205702000,CABARROGUIS,Mun,3rd
0205703000,DIFFUN,Mun,2nd
0205704000,MADDELA,Mun,1st
0205705000,SAGUDAY,Mun,5th
0205706000,NAGTIPUNAN,Mun,1st
0300800000,BATAAN,Prov,1st
0300801000,ABUCAY,Mun,3rd
0300802000,BAGAC,Mun,3rd
0300803000,CITY OF BALANGA,City,4th
0300804000,DINALUPIHAN,Mun,1st
0300805000,HERMOSA,Mun,1st
0300806000,LIMAY,Mun,1st
0300807000,MARIVELES,Mun,1st
0300808000,MORONG,Mun,3rd
0300809000,ORANI,Mun,3rd
0300810000,ORION,Mun,2nd
0300811000,PILAR,Mun,3rd
0300812000,SAMAL,Mun,4th
0301400000,BULACAN,Prov,1st
0301401000,ANGAT,Mun,1st
0301402000,BALAGTAS,Mun,1st
0301403000,CITY OF BALIWAG,City,1st
0301404000,BOCAUE,Mun,1st
0301405000,BULACAN,Mun,1st
0301406000,BUSTOS,Mun,2nd
0301407000,CALUMPIT,Mun,1st
0301408000,GUIGUINTO,Mun,1st
0301409000,HAGONOY,Mun,1st
0301410000,CITY OF MALOLOS,City,3rd
0301411000,MARILAO,Mun,1st
0301412000,CITY OF MEYCAUAYAN,City,3rd
0301413000,NORZAGARAY,Mun,1st
0301414000,OBANDO,Mun,2nd
0301415000,PANDI,Mun,2nd
0301416000,PAOMBONG,Mun,3rd
0301417000,PLARIDEL,Mun,1st
0301418000,PULILAN,Mun,1st
0301419000,SAN ILDEFONSO,Mun,1st
0301420000,CITY OF SAN JOSE DEL MONTE,City,1st
0301421000,SAN MIGUEL,Mun,1st
0301422000,SAN RAFAEL,Mun,1st
0301423000,SANTA MARIA,Mun,1st
0301424000,DONA REMEDIOS TRINIDAD,Mun,1st
0304900000,NUEVA ECIJA,Prov,1st
0304901000,ALIAGA,Mun,2nd
0304902000,BONGABON,Mun,2nd
0304903000,CITY OF CABANATUAN,City,1st
0304904000,CABIAO,Mun,1st
0304905000,CARRANGLAN,Mun,1st
0304906000,CUYAPO,Mun,1st
0304907000,GABALDON,Mun,4th
0304908000,CITY OF GAPAN,City,4th
0304909000,GENERAL MAMERTO NATIVIDAD,Mun,3rd
0304910000,GENERAL TINIO,Mun,1st
0304911000,GUIMBA,Mun,1st
0304912000,JAEN,Mun,2nd
0304913000,LAUR,Mun,3rd
0304914000,LICAB,Mun,4th
0304915000,LLANERA,Mun,4th
0304916000,LUPAO,Mun,3rd
0304917000,SCIENCE CITY OF MUNOZ,City,4th
0304918000,NAMPICUAN,Mun,5th
0304919000,CITY OF PALAYAN,City,5th
0304920000,PANTABANGAN,Mun,1st
0304921000,PENARANDA,Mun,4th
0304922000,QUEZON,Mun,4th
0304923000,RIZAL,Mun,2nd
0304924000,SAN ANTONIO,Mun,1st
0304925000,SAN ISIDRO,Mun,2nd
0304926000,CITY OF SAN JOSE,City,3rd
0304927000,SAN LEONARDO,Mun,1st
0304928000,SANTA ROSA,Mun,1st
0304929000,SANTO DOMINGO,Mun,3rd
0304930000,TALAVERA,Mun,1st
0304931000,TALUGTUG,Mun,4th
0304932000,ZARAGOZA,Mun,3rd
0305400000,PAMPANGA,Prov,1st
0305402000,APALIT,Mun,1st
0305403000,ARAYAT,Mun,1st
0305404000,BACOLOR,Mun,3rd
0305405000,CANDABA,Mun,1st
0305406000,FLORIDABLANCA,Mun,1st
0305407000,GUAGUA,Mun,1st
0305408000,LUBAO,Mun,1st
0305409000,CITY OF MABALACAT,City,3rd
0305410000,MACABEBE,Mun,1st
0305411000,MAGALANG,Mun,1st
0305412000,MASANTOL,Mun,2nd
0305413000,MEXICO,Mun,1st
0305414000,MINALIN,Mun,4th
0305415000,PORAC,Mun,1st
0305416000,CITY OF SAN FERNANDO,City,1st
0305417000,SAN LUIS,Mun,3rd
0305418000,SAN SIMON,Mun,3rd
0305419000,SANTA ANA,Mun,3rd
0305420000,SANTA RITA,Mun,4th
0305421000,STO. TOMAS,Mun,4th
0305422000,SASMUAN,Mun,4th
0306900000,TARLAC,Prov,1st
0306901000,ANAO,Mun,5th
0306902000,BAMBAN,Mun,2nd
0306903000,CAMILING,Mun,1st
0306904000,CAPAS,Mun,1st
0306905000,CONCEPCION,Mun,1st
0306906000,GERONA,Mun,1st
0306907000,LA PAZ,Mun,2nd
0306908000,MAYANTOC,Mun,3rd
0306909000,MONCADA,Mun,1st
0306910000,PANIQUI,Mun,1st
0306911000,PURA,Mun,4th
0306912000,RAMOS,Mun,5th
0306913000,SAN CLEMENTE,Mun,5th
0306914000,SAN MANUEL,Mun,4th
0306915000,SANTA IGNACIA,Mun,2nd
0306916000,CITY OF TARLAC,City,1st
0306917000,VICTORIA,Mun,2nd
0306918000,SAN JOSE,Mun,3rd
0307100000,ZAMBALES,Prov,2nd
0307101000,BOTOLAN,Mun,1st
0307102000,CABANGAN,Mun,4th
0307103000,CANDELARIA,Mun,3rd
0307104000,CASTILLEJOS,Mun,3rd
0307105000,IBA,Mun,2nd
0307106000,MASINLOC,Mun,1st
0307108000,PALAUIG,Mun,3rd
0307109000,SAN ANTONIO,Mun,2nd
0307110000,SAN FELIPE,Mun,4th
0307111000,SAN MARCELINO,Mun,1st
0307112000,SAN NARCISO,Mun,4th
0307113000,SANTA CRUZ,Mun,1st
0307114000,SUBIC,Mun,1st
0307700000,AURORA,Prov,3rd
0307701000,BALER,Mun,3rd
0307702000,CASIGURAN,Mun,2nd
0307703000,DILASAG,Mun,3rd
0307704000,DINALUNGAN,Mun,4th
0307705000,DINGALAN,Mun,3rd
0307706000,DIPACULAO,Mun,3rd
0307707000,MARIA AURORA,Mun,2nd
0307708000,SAN LUIS,Mun,2nd
0330100000,CITY OF ANGELES,City,1st
0331400000,CITY OF OLONGAPO,City,1st
0401000000,BATANGAS,Prov,1st
0401001000,AGONCILLO,Mun,4th
0401002000,ALITAGTAG,Mun,4th
0401003000,BALAYAN,Mun,1st
0401004000,BALETE,Mun,5th
0401005000,CITY OF BATANGAS,City,1st
0401006000,BAUAN,Mun,1st
0401007000,CITY OF CALACA,City,1st
0401008000,CALATAGAN,Mun,2nd
0401009000,CUENCA,Mun,4th
0401010000,IBAAN,Mun,2nd
0401011000,LAUREL,Mun,3rd
0401012000,LEMERY,Mun,1st
0401013000,LIAN,Mun,3rd
0401014000,CITY OF LIPA,City,1st
0401015000,LOBO,Mun,3rd
0401016000,MABINI,Mun,1st
0401017000,MALVAR,Mun,2nd
0401018000,MATAASNAKAHOY,Mun,4th
0401019000,NASUGBU,Mun,1st
0401020000,PADRE GARCIA,Mun,2nd
0401021000,ROSARIO,Mun,1st
0401022000,SAN JOSE,Mun,1st
0401023000,SAN JUAN,Mun,1st
0401024000,SAN LUIS,Mun,4th
0401025000,SAN NICOLAS,Mun,5th
0401026000,SAN PASCUAL,Mun,1st
0401027000,SANTA TERESITA,Mun,5th
0401028000,CITY OF STO. TOMAS,City,1st
0401029000,TAAL,Mun,3rd
0401030000,TALISAY,Mun,3rd
0401031000,CITY OF TANAUAN,City,2nd
0401032000,TAYSAN,Mun,2nd
0401033000,TINGLOY,Mun,5th
0401034000,TUY,Mun,3rd
0402100000,CAVITE,Prov,1st
0402101000,ALFONSO,Mun,1st
0402102000,AMADEO,Mun,4th
0402103000,CITY OF BACOOR,City,1st
0402104000,CITY OF CARMONA,City,1st
0402105000,CITY OF CAVITE,City,4th
0402106000,CITY OF DASMARINAS,City,1st
0402107000,GENERAL EMILIO AGUINALDO,Mun,5th
0402108000,CITY OF GENERAL TRIAS,City,1st
0402109000,CITY OF IMUS,City,3rd
0402110000,INDANG,Mun,1st
0402111000,KAWIT,Mun,1st
0402112000,MAGALLANES,Mun,4th
0402113000,MARAGONDON,Mun,3rd
0402114000,MENDEZ,Mun,4th
0402115000,NAIC,Mun,1st
0402116000,NOVELETA,Mun,3rd
0402117000,ROSARIO,Mun,1st
0402118000,SILANG,Mun,1st
0402119000,CITY OF TAGAYTAY,City,2nd
0402120000,TANZA,Mun,1st
0402121000,TERNATE,Mun,4th
0402122000,CITY OF TRECE MARTIRES,City,4th
0402123000,GEN. MARIANO ALVAREZ,Mun,1st
0403400000,LAGUNA,Prov,1st
0403401000,ALAMINOS,Mun,3rd
0403402000,BAY,Mun,2nd
0403403000,CITY OF BINAN,City,1st
0403404000,CITY OF CABUYAO,City,1st
0403405000,CITY OF CALAMBA,City,1st
0403406000,CALAUAN,Mun,2nd
0403407000,CAVINTI,Mun,3rd
0403408000,FAMY,Mun,5th
0403409000,KALAYAAN,Mun,3rd
0403410000,LILIW,Mun,4th
0403411000,LOS BANOS,Mun,1st
0403412000,LUISIANA,Mun,4th
0403413000,LUMBAN,Mun,3rd
0403414000,MABITAC,Mun,5th
0403415000,MAGDALENA,Mun,4th
0403416000,MAJAYJAY,Mun,4th
0403417000,NAGCARLAN,Mun,2nd
0403418000,PAETE,Mun,4th
0403419000,PAGSANJAN,Mun,3rd
0403420000,PAKIL,Mun,5th
0403421000,PANGIL,Mun,4th
0403422000,PILA,Mun,3rd
0403423000,RIZAL,Mun,5th
0403424000,CITY OF SAN PABLO,City,1st
0403425000,CITY OF SAN PEDRO,City,3rd
0403426000,SANTA CRUZ,Mun,1st
0403427000,SANTA MARIA,Mun,4th
0403428000,CITY OF SANTA ROSA,City,1st
0403429000,SINILOAN,Mun,2nd
0403430000,VICTORIA,Mun,4th
0405600000,QUEZON,Prov,1st
0405601000,AGDANGAN,Mun,5th
0405602000,ALABAT,Mun,5th
0405603000,ATIMONAN,Mun,1st
0405605000,BUENAVISTA,Mun,4th
0405606000,BURDEOS,Mun,4th
0405607000,CALAUAG,Mun,1st
0405608000,CANDELARIA,Mun,1st
0405610000,CATANAUAN,Mun,1st
0405615000,DOLORES,Mun,4th
0405616000,GENERAL LUNA,Mun,4th
0405617000,GENERAL NAKAR,Mun,1st
0405618000,GUINAYANGAN,Mun,3rd
0405619000,GUMACA,Mun,1st
0405620000,INFANTA,Mun,1st
0405621000,JOMALIG,Mun,5th
0405622000,LOPEZ,Mun,1st
0405623000,LUCBAN,Mun,2nd
0405625000,MACALELON,Mun,4th
0405627000,MAUBAN,Mun,1st
0405628000,MULANAY,Mun,1st
0405629000,PADRE BURGOS,Mun,4th
0405630000,PAGBILAO,Mun,1st
0405631000,PANUKULAN,Mun,4th
0405632000,PATNANUNGAN,Mun,5th
0405633000,PEREZ,Mun,5th
0405634000,PITOGO,Mun,4th
0405635000,PLARIDEL,Mun,5th
0405636000,POLILLO,Mun,3rd
0405637000,QUEZON,Mun,5th
0405638000,REAL,Mun,1st
0405639000,SAMPALOC,Mun,5th
0405640000,SAN ANDRES,Mun,4th
0405641000,SAN ANTONIO,Mun,4th
0405642000,SAN FRANCISCO,Mun,2nd
0405644000,SAN NARCISO,Mun,3rd
0405645000,SARIAYA,Mun,1st
0405646000,TAGKAWAYAN,Mun,1st
0405647000,CITY OF TAYABAS,City,6th
0405648000,TIAONG,Mun,1st
0405649000,UNISAN,Mun,4th
0405800000,RIZAL,Prov,1st
0405801000,ANGONO,Mun,1st
0405802000,CITY OF ANTIPOLO,City,1st
0405803000,BARAS,Mun,4th
0405804000,BINANGONAN,Mun,1st
0405805000,CAINTA,Mun,1st
0405806000,CARDONA,Mun,3rd
0405807000,JALA-JALA,Mun,4th
0405808000,RODRIGUEZ,Mun,1st
0405809000,MORONG,Mun,2nd
0405810000,PILILLA,Mun,1st
0405811000,SAN MATEO,Mun,1st
0405812000,TANAY,Mun,1st
0405813000,TAYTAY,Mun,1st
0405814000,TERESA,Mun,2nd
0431200000,CITY OF LUCENA,City,2nd
1704000000,MARINDUQUE,Prov,4th
1704001000,BOAC,Mun,1st
1704002000,BUENAVISTA,Mun,4th
1704003000,GASAN,Mun,3rd
1704004000,MOGPOG,Mun,3rd
1704005000,SANTA CRUZ,Mun,1st
1704006000,TORRIJOS,Mun,3rd
1705100000,OCCIDENTAL MINDORO,Prov,2nd
1705101000,ABRA DE ILOG,Mun,2nd
1705102000,CALINTAAN,Mun,3rd
1705103000,LOOC,Mun,5th
1705104000,LUBANG,Mun,4th
1705105000,MAGSAYSAY,Mun,3rd
1705106000,MAMBURAO,Mun,2nd
1705107000,PALUAN,Mun,3rd
1705108000,RIZAL,Mun,3rd
1705109000,SABLAYAN,Mun,1st
1705110000,SAN JOSE,Mun,1st
1705111000,SANTA CRUZ,Mun,1st
1705200000,ORIENTAL MINDORO,Prov,1st
1705201000,BACO,Mun,3rd
1705202000,BANSUD,Mun,2nd
1705203000,BONGABONG,Mun,1st
1705204000,BULALACAO,Mun,3rd
1705205000,CITY OF CALAPAN,City,3rd
1705206000,GLORIA,Mun,3rd
1705207000,MANSALAY,Mun,2nd
1705208000,NAUJAN,Mun,1st
1705209000,PINAMALAYAN,Mun,1st
1705210000,POLA,Mun,3rd
1705211000,PUERTO GALERA,Mun,1st
1705212000,ROXAS,Mun,2nd
1705213000,SAN TEODORO,Mun,4th
1705214000,SOCORRO,Mun,3rd
1705215000,VICTORIA,Mun,2nd
1705300000,PALAWAN,Prov,1st
1705301000,ABORLAN,Mun,1st
1705302000,AGUTAYA,Mun,5th
1705303000,ARACELI,Mun,4th
1705304000,BALABAC,Mun,2nd
1705305000,BATARAZA,Mun,1st
1705306000,BROOKE'S POINT,Mun,1st
1705307000,BUSUANGA,Mun,3rd
1705308000,CAGAYANCILLO,Mun,6th
1705309000,CORON,Mun,1st
1705310000,CUYO,Mun,4th
1705311000,DUMARAN,Mun,3rd
1705312000,EL NIDO,Mun,1st
1705313000,LINAPACAN,Mun,5th
1705314000,MAGSAYSAY,Mun,5th
1705315000,NARRA,Mun,1st
1705317000,QUEZON,Mun,1st
1705318000,ROXAS,Mun,1st
1705319000,SAN VICENTE,Mun,1st
1705320000,TAYTAY,Mun,1st
1705321000,KALAYAAN,Mun,5th
1705322000,CULION,Mun,3rd
1705323000,DR. JOSE P. RIZAL,Mun,1st
1705324000,SOFRONIO ESPANOLA,Mun,2nd
1705900000,ROMBLON,Prov,3rd
1705901000,ALCANTARA,Mun,5th
1705902000,BANTON,Mun,5th
1705903000,CAJIDIOCAN,Mun,4th
1705904000,CALATRAVA,Mun,5th
1705905000,CONCEPCION,Mun,6th
1705906000,CORCUERA,Mun,5th
1705907000,LOOC,Mun,4th
1705908000,MAGDIWANG,Mun,5th
1705909000,ODIONGAN,Mun,2nd
1705910000,ROMBLON,Mun,3rd
1705911000,SAN AGUSTIN,Mun,4th
1705912000,SAN ANDRES,Mun,5th
1705913000,SAN FERNANDO,Mun,4th
1705914000,SAN JOSE,Mun,5th
1705915000,SANTA FE,Mun,5th
1705916000,FERROL,Mun,6th
1705917000,SANTA MARIA,Mun,5th
1731500000,CITY OF PUERTO PRINCESA,City,1st
0500500000,ALBAY,Prov,1st
0500501000,BACACAY,Mun,2nd
0500502000,CAMALIG,Mun,1st
0500503000,DARAGA,Mun,1st
0500504000,GUINOBATAN,Mun,1st
0500505000,JOVELLAR,Mun,4th
0500506000,CITY OF LEGAZPI,City,2nd
0500507000,LIBON,Mun,1st
0500508000,CITY OF LIGAO,City,4th
0500509000,MALILIPOT,Mun,4th
0500510000,MALINAO,Mun,3rd
0500511000,MANITO,Mun,4th
0500512000,OAS,Mun,1st
0500513000,PIO DURAN,Mun,3rd
0500514000,POLANGUI,Mun,1st
0500515000,RAPU-RAPU,Mun,3rd
0500516000,SANTO DOMINGO,Mun,4th
0500517000,CITY OF TABACO,City,4th
0500518000,TIWI,Mun,1st
0501600000,CAMARINES NORTE,Prov,2nd
0501601000,BASUD,Mun,3rd
0501602000,CAPALONGA,Mun,3rd
0501603000,DAET,Mun,1st
0501604000,SAN LORENZO RUIZ,Mun,5th
0501605000,JOSE PANGANIBAN,Mun,2nd
0501606000,LABO,Mun,1st
0501607000,MERCEDES,Mun,2nd
0501608000,PARACALE,Mun,3rd
0501609000,SAN VICENTE,Mun,5th
0501610000,SANTA ELENA,Mun,3rd
0501611000,TALISAY,Mun,4th
0501612000,VINZONS,Mun,3rd
0501700000,CAMARINES SUR,Prov,1st
0501701000,BAAO,Mun,3rd
0501702000,BALATAN,Mun,4th
0501703000,BATO,Mun,3rd
0501704000,BOMBON,Mun,5th
0501705000,BUHI,Mun,1st
0501706000,BULA,Mun,2nd
0501707000,CABUSAO,Mun,5th
0501708000,CALABANGA,Mun,1st
0501709000,CAMALIGAN,Mun,5th
0501710000,CANAMAN,Mun,4th
0501711000,CARAMOAN,Mun,2nd
0501712000,DEL GALLEGO,Mun,4th
0501713000,GAINZA,Mun,5th
0501714000,GARCHITORENA,Mun,4th
0501715000,GOA,Mun,2nd
0501716000,CITY OF IRIGA,City,4th
0501717000,LAGONOY,Mun,2nd
0501718000,LIBMANAN,Mun,1st
0501719000,LUPI,Mun,3rd
0501720000,MAGARAO,Mun,4th
0501721000,MILAOR,Mun,4th
0501722000,MINALABAC,Mun,3rd
0501723000,NABUA,Mun,1st
0501724000,CITY OF NAGA,City,2nd
0501725000,OCAMPO,Mun,3rd
0501726000,PAMPLONA,Mun,4th
0501727000,PASACAO,Mun,3rd
0501728000,PILI,Mun,1st
0501729000,PRESENTACION,Mun,4th
0501730000,RAGAY,Mun,1st
0501731000,SAGNAY,Mun,4th
0501732000,SAN FERNANDO,Mun,4th
0501733000,SAN JOSE,Mun,4th
0501734000,SIPOCOT,Mun,1st
0501735000,SIRUMA,Mun,4th
0501736000,TIGAON,Mun,3rd
0501737000,TINAMBAC,Mun,1st
0502000000,CATANDUANES,Prov,3rd
0502001000,BAGAMANOC,Mun,5th
0502002000,BARAS,Mun,5th
0502003000,BATO,Mun,5th
0502004000,CARAMORAN,Mun,3rd
0502005000,GIGMOTO,Mun,5th
0502006000,PANDAN,Mun,4th
0502007000,PANGANIBAN,Mun,5th
0502008000,SAN ANDRES,Mun,3rd
0502009000,SAN MIGUEL,Mun,5th
0502010000,VIGA,Mun,4th
0502011000,VIRAC,Mun,1st
0504100000,MASBATE,Prov,1st
0504101000,AROROY,Mun,1st
0504102000,BALENO,Mun,4th
0504103000,BALUD,Mun,4th
0504104000,BATUAN,Mun,5th
0504105000,CATAINGAN,Mun,2nd
0504106000,CAWAYAN,Mun,2nd
0504107000,CLAVERIA,Mun,3rd
0504108000,DIMASALANG,Mun,4th
0504109000,ESPERANZA,Mun,5th
0504110000,MANDAON,Mun,3rd
0504111000,CITY OF MASBATE,City,4th
0504112000,MILAGROS,Mun,1st
0504113000,MOBO,Mun,4th
0504114000,MONREAL,Mun,4th
0504115000,PALANAS,Mun,4th
0504116000,PIO V. CORPUS,Mun,4th
0504117000,PLACER,Mun,2nd
0504118000,SAN FERNANDO,Mun,5th
0504119000,SAN JACINTO,Mun,4th
0504120000,SAN PASCUAL,Mun,3rd
0504121000,USON,Mun,3rd
0506200000,SORSOGON,Prov,2nd
0506202000,BARCELONA,Mun,5th
0506203000,BULAN,Mun,1st
0506204000,BULUSAN,Mun,4th
0506205000,CASIGURAN,Mun,4th
0506206000,CASTILLA,Mun,3rd
0506207000,DONSOL,Mun,3rd
0506208000,GUBAT,Mun,2nd
0506209000,IROSIN,Mun,2nd
0506210000,JUBAN,Mun,4th
0506211000,MAGALLANES,Mun,3rd
0506212000,MATNOG,Mun,3rd
0506213000,PILAR,Mun,1st
0506214000,PRIETO DIAZ,Mun,5th
0506215000,SANTA MAGDALENA,Mun,5th
0506216000,CITY OF SORSOGON,City,3rd
0600400000,AKLAN,Prov,2nd
0600401000,ALTAVAS,Mun,4th
0600402000,BALETE,Mun,4th
0600403000,BANGA,Mun,3rd
0600404000,BATAN,Mun,4th
0600405000,BURUANGA,Mun,5th
0600406000,IBAJAY,Mun,3rd
0600407000,KALIBO,Mun,1st
0600408000,LEZO,Mun,5th
0600409000,LIBACAO,Mun,3rd
0600410000,MADALAG,Mun,4th
0600411000,MAKATO,Mun,4th
0600412000,MALAY,Mun,1st
0600413000,MALINAO,Mun,4th
0600414000,NABAS,Mun,4th
0600415000,NEW WASHINGTON,Mun,3rd
0600416000,NUMANCIA,Mun,4th
0600417000,TANGALAN,Mun,5th
0600600000,ANTIQUE,Prov,2nd
0600601000,ANINI-Y,Mun,4th
0600602000,BARBAZA,Mun,4th
0600603000,BELISON,Mun,5th
0600604000,BUGASONG,Mun,3rd
0600605000,CALUYA,Mun,1st
0600606000,CULASI,Mun,3rd
0600607000,TOBIAS FORNIER,Mun,4th
0600608000,HAMTIC,Mun,3rd
0600609000,LAUA-AN,Mun,4th
0600610000,LIBERTAD,Mun,5th
0600611000,PANDAN,Mun,4th
0600612000,PATNONGON,Mun,3rd
0600613000,SAN JOSE,Mun,1st
0600614000,SAN REMIGIO,Mun,3rd
0600615000,SEBASTE,Mun,4th
0600616000,SIBALOM,Mun,2nd
0600617000,TIBIAO,Mun,4th
0600618000,VALDERRAMA,Mun,4th
0601900000,CAPIZ,Prov,1st
0601901000,CUARTERO,Mun,4th
0601902000,DAO,Mun,4th
0601903000,DUMALAG,Mun,4th
0601904000,DUMARAO,Mun,2nd
0601905000,IVISAN,Mun,4th
0601906000,JAMINDAN,Mun,2nd
0601907000,MA-AYON,Mun,3rd
0601908000,MAMBUSAO,Mun,3rd
0601909000,PANAY,Mun,3rd
0601910000,PANITAN,Mun,3rd
0601911000,PILAR,Mun,3rd
0601912000,PONTEVEDRA,Mun,3rd
0601913000,PRESIDENT ROXAS,Mun,4th
0601914000,CITY OF ROXAS,City,3rd
0601915000,SAPI-AN,Mun,4th
0601916000,SIGMA,Mun,4th
0601917000,TAPAZ,Mun,1st
0603000000,ILOILO,Prov,1st
0603001000,AJUY,Mun,2nd
0603002000,ALIMODIAN,Mun,3rd
0603003000,ANILAO,Mun,4th
0603004000,BADIANGAN,Mun,4th
0603005000,BALASAN,Mun,4th
0603006000,BANATE,Mun,4th
0603007000,BAROTAC NUEVO,Mun,2nd
0603008000,BAROTAC VIEJO,Mun,3rd
0603009000,BATAD,Mun,5th
0603010000,BINGAWAN,Mun,5th
0603012000,CABATUAN,Mun,2nd
0603013000,CALINOG,Mun,1st
0603014000,CARLES,Mun,2nd
0603015000,CONCEPCION,Mun,3rd
0603016000,DINGLE,Mun,3rd
0603017000,DUENAS,Mun,4th
0603018000,DUMANGAS,Mun,1st
0603019000,ESTANCIA,Mun,2nd
0603020000,GUIMBAL,Mun,4th
0603021000,IGBARAS,Mun,3rd
0603023000,JANIUAY,Mun,1st
0603025000,LAMBUNAO,Mun,1st
0603026000,LEGANES,Mun,4th
0603027000,LEMERY,Mun,4th
0603028000,LEON,Mun,2nd
0603029000,MAASIN,Mun,3rd
0603030000,MIAGAO,Mun,1st
0603031000,MINA,Mun,5th
0603032000,NEW LUCENA,Mun,4th
0603034000,OTON,Mun,1st
0603035000,CITY OF PASSI,City,4th
0603036000,PAVIA,Mun,2nd
0603037000,POTOTAN,Mun,1st
0603038000,SAN DIONISIO,Mun,4th
0603039000,SAN ENRIQUE,Mun,3rd
0603040000,SAN JOAQUIN,Mun,2nd
0603041000,SAN MIGUEL,Mun,4th
0603042000,SAN RAFAEL,Mun,5th
0603043000,SANTA BARBARA,Mun,2nd
0603044000,SARA,Mun,2nd
0603045000,TIGBAUAN,Mun,2nd
0603046000,TUBUNGAN,Mun,4th
0603047000,ZARRAGA,Mun,4th
0607900000,GUIMARAS,Prov,4th
0607901000,BUENAVISTA,Mun,2nd
0607902000,JORDAN,Mun,3rd
0607903000,NUEVA VALENCIA,Mun,3rd
0607904000,SAN LORENZO,Mun,5th
0607905000,SIBUNAG,Mun,4th
0631000000,CITY OF ILOILO,City,1st
1804500000,NEGROS OCCIDENTAL,Prov,1st
1804502000,CITY OF BAGO,City,2nd
1804503000,BINALBAGAN,Mun,1st
1804504000,CITY OF CADIZ,City,2nd
1804505000,CALATRAVA,Mun,1st
1804506000,CANDONI,Mun,4th
1804507000,CAUAYAN,Mun,1st
1804508000,ENRIQUE B. MAGALONA,Mun,2nd
1804509000,CITY OF ESCALANTE,City,4th
1804510000,CITY OF HIMAMAYLAN,City,3rd
1804511000,HINIGARAN,Mun,1st
1804512000,HINOBA-AN,Mun,1st
1804513000,ILOG,Mun,2nd
1804514000,ISABELA,Mun,2nd
1804515000,CITY OF KABANKALAN,City,1st
1804516000,CITY OF LA CARLOTA,City,4th
1804517000,LA CASTELLANA,Mun,1st
1804518000,MANAPLA,Mun,2nd
1804519000,MOISES PADILLA,Mun,3rd
1804520000,MURCIA,Mun,1st
1804521000,PONTEVEDRA,Mun,3rd
1804522000,PULUPANDAN,Mun,3rd
1804523000,CITY OF SAGAY,City,3rd
1804524000,CITY OF SAN CARLOS,City,2nd
1804525000,SAN ENRIQUE,Mun,4th
1804526000,CITY OF SILAY,City,3rd
1804527000,CITY OF SIPALAY,City,4th
1804528000,CITY OF TALISAY,City,4th
1804529000,TOBOSO,Mun,3rd
1804530000,VALLADOLID,Mun,4th
1804531000,CITY OF VICTORIAS,City,4th
1804532000,SALVADOR BENEDICTO,Mun,4th
1804600000,NEGROS ORIENTAL,Prov,1st
1804601000,AMLAN,Mun,4th
1804602000,AYUNGON,Mun,2nd
1804603000,BACONG,Mun,4th
1804604000,CITY OF BAIS,City,3rd
1804605000,BASAY,Mun,4th
1804606000,CITY OF BAYAWAN,City,2nd
1804607000,BINDOY,Mun,3rd
1804608000,CITY OF CANLAON,City,4th
1804609000,DAUIN,Mun,4th
1804610000,CITY OF DUMAGUETE,City,3rd
1804611000,CITY OF GUIHULNGAN,City,5th
1804612000,JIMALALUD,Mun,4th
1804613000,LA LIBERTAD,Mun,3rd
1804614000,MABINAY,Mun,1st
1804615000,MANJUYOD,Mun,2nd
1804616000,PAMPLONA,Mun,3rd
1804617000,SAN JOSE,Mun,5th
1804618000,SANTA CATALINA,Mun,1st
1804619000,SIATON,Mun,1st
1804620000,SIBULAN,Mun,2nd
1804621000,CITY OF TANJAY,City,4th
1804622000,TAYASAN,Mun,3rd
1804623000,VALENCIA,Mun,1st
1804624000,VALLEHERMOSO,Mun,3rd
1804625000,ZAMBOANGUITA,Mun,4th
1806100000,SIQUIJOR,Prov,5th
1806101000,ENRIQUE VILLANUEVA,Mun,5th
1806102000,LARENA,Mun,5th
1806103000,LAZI,Mun,4th
1806104000,MARIA,Mun,5th
1806105000,SAN JUAN,Mun,5th
1806106000,SIQUIJOR,Mun,4th
1830200000,CITY OF BACOLOD,City,1st
0701200000,BOHOL,Prov,1st
0701201000,ALBURQUERQUE,Mun,5th
0701202000,ALICIA,Mun,4th
0701203000,ANDA,Mun,5th
0701204000,ANTEQUERA,Mun,4th
0701205000,BACLAYON,Mun,4th
0701206000,BALILIHAN,Mun,4th
0701207000,BATUAN,Mun,5th
0701208000,BILAR,Mun,4th
0701209000,BUENAVISTA,Mun,4th
0701210000,CALAPE,Mun,3rd
0701211000,CANDIJAY,Mun,4th
0701212000,CARMEN,Mun,1st
0701213000,CATIGBIAN,Mun,4th
0701214000,CLARIN,Mun,5th
0701215000,CORELLA,Mun,5th
0701216000,CORTES,Mun,5th
0701217000,DAGOHOY,Mun,5th
0701218000,DANAO,Mun,4th
0701219000,DAUIS,Mun,4th
0701220000,DIMIAO,Mun,4th
0701221000,DUERO,Mun,4th
0701222000,GARCIA HERNANDEZ,Mun,4th
0701223000,GUINDULMAN,Mun,4th
0701224000,INABANGA,Mun,3rd
0701225000,JAGNA,Mun,3rd
0701226000,GETAFE,Mun,3rd
0701227000,LILA,Mun,5th
0701228000,LOAY,Mun,5th
0701229000,LOBOC,Mun,4th
0701230000,LOON,Mun,2nd
0701231000,MABINI,Mun,4th
0701232000,MARIBOJOC,Mun,4th
0701233000,PANGLAO,Mun,4th
0701234000,PILAR,Mun,4th
0701235000,PRESIDENT CARLOS P. GARCIA,Mun,4th
0701236000,SAGBAYAN,Mun,4th
0701237000,SAN ISIDRO,Mun,5th
0701238000,SAN MIGUEL,Mun,4th
0701239000,SEVILLA,Mun,5th
0701240000,SIERRA BULLONES,Mun,3rd
0701241000,SIKATUNA,Mun,5th
0701242000,CITY OF TAGBILARAN,City,3rd
0701243000,TALIBON,Mun,1st
0701244000,TRINIDAD,Mun,3rd
0701245000,TUBIGON,Mun,1st
0701246000,UBAY,Mun,1st
0701247000,VALENCIA,Mun,4th
0701248000,BIEN UNIDO,Mun,4th
0702200000,CEBU,Prov,1st
0702201000,ALCANTARA,Mun,5th
0702202000,ALCOY,Mun,5th
0702203000,ALEGRIA,Mun,4th
0702204000,ALOGUINSAN,Mun,4th
0702205000,ARGAO,Mun,1st
0702206000,ASTURIAS,Mun,3rd
0702207000,BADIAN,Mun,3rd
0702208000,BALAMBAN,Mun,1st
0702209000,BANTAYAN,Mun,1st
0702210000,BARILI,Mun,2nd
0702211000,CITY OF BOGO,City,6th
0702212000,BOLJOON,Mun,5th
0702213000,BORBON,Mun,4th
0702214000,CITY OF CARCAR,City,5th
0702215000,CARMEN,Mun,3rd
0702216000,CATMON,Mun,4th
0702218000,COMPOSTELA,Mun,3rd
0702219000,CONSOLACION,Mun,1st
0702220000,CORDOVA,Mun,3rd
0702221000,DAANBANTAYAN,Mun,1st
0702222000,DALAGUETE,Mun,1st
0702223000,CITY OF DANAO,City,3rd
0702224000,DUMANJUG,Mun,3rd
0702225000,GINATILAN,Mun,5th
0702227000,LILOAN,Mun,1st
0702228000,MADRIDEJOS,Mun,4th
0702229000,MALABUYOC,Mun,5th
0702231000,MEDELLIN,Mun,2nd
0702232000,MINGLANILLA,Mun,1st
0702233000,MOALBOAL,Mun,4th
0702234000,CITY OF NAGA,City,5th
0702235000,OSLOB,Mun,4th
0702236000,PILAR,Mun,5th
0702237000,PINAMUNGAJAN,Mun,2nd
0702238000,PORO,Mun,4th
0702239000,RONDA,Mun,5th
0702240000,SAMBOAN,Mun,5th
0702241000,SAN FERNANDO,Mun,2nd
0702242000,SAN FRANCISCO,Mun,3rd
0702243000,SAN REMIGIO,Mun,3rd
0702244000,SANTA FE,Mun,4th
0702245000,SANTANDER,Mun,4th
0702246000,SIBONGA,Mun,3rd
0702247000,SOGOD,Mun,4th
0702248000,TABOGON,Mun,3rd
0702249000,TABUELAN,Mun,4th
0702250000,CITY OF TALISAY,City,3rd
0702251000,CITY OF TOLEDO,City,3rd
0702252000,TUBURAN,Mun,2nd
0702253000,TUDELA,Mun,5th
0730600000,CITY OF CEBU,City,1st
0731100000,CITY OF LAPU-LAPU,City,1st
0731300000,CITY OF MANDAUE,City,1st
0802600000,EASTERN SAMAR,Prov,2nd
0802601000,ARTECHE,Mun,3rd
0802602000,BALANGIGA,Mun,4th
0802603000,BALANGKAYAN,Mun,5th
0802604000,CITY OF BORONGAN,City,1st
0802605000,CAN-AVID,Mun,4th
0802606000,DOLORES,Mun,3rd
0802607000,GENERAL MACARTHUR,Mun,5th
0802608000,GIPORLOS,Mun,5th
0802609000,GUIUAN,Mun,2nd
0802610000,HERNANI,Mun,5th
0802611000,JIPAPAD,Mun,5th
0802612000,LAWAAN,Mun,5th
0802613000,LLORENTE,Mun,3rd
0802614000,MASLOG,Mun,5th
0802615000,MAYDOLONG,Mun,4th
0802616000,MERCEDES,Mun,5th
0802617000,ORAS,Mun,3rd
0802618000,QUINAPONDAN,Mun,5th
0802619000,SALCEDO,Mun,5th
0802620000,SAN JULIAN,Mun,5th
0802621000,SAN POLICARPO,Mun,5th
0802622000,SULAT,Mun,4th
0802623000,TAFT,Mun,4th
0803700000,LEYTE,Prov,1st
0803701000,ABUYOG,Mun,1st
0803702000,ALANGALANG,Mun,2nd
0803703000,ALBUERA,Mun,3rd
0803705000,BABATNGON,Mun,4th
0803706000,BARUGO,Mun,4th
0803707000,BATO,Mun,4th
0803708000,CITY OF BAYBAY,City,1st
0803710000,BURAUEN,Mun,1st
0803713000,CALUBIAN,Mun,4th
0803714000,CAPOOCAN,Mun,4th
0803715000,CARIGARA,Mun,2nd
0803717000,DAGAMI,Mun,3rd
0803718000,DULAG,Mun,3rd
0803719000,HILONGOS,Mun,2nd
0803720000,HINDANG,Mun,5th
0803721000,INOPACAN,Mun,4th
0803722000,ISABEL,Mun,1st
0803723000,JARO,Mun,3rd
0803724000,JAVIER,Mun,4th
0803725000,JULITA,Mun,5th
0803726000,KANANGA,Mun,1st
0803728000,LA PAZ,Mun,5th
0803729000,LEYTE,Mun,4th
0803730000,MACARTHUR,Mun,5th
0803731000,MAHAPLAG,Mun,4th
0803733000,MATAG-OB,Mun,4th
0803734000,MATALOM,Mun,3rd
0803735000,MAYORGA,Mun,5th
0803736000,MERIDA,Mun,5th
0803738000,CITY OF ORMOC,City,1st
0803739000,PALO,Mun,3rd
0803740000,PALOMPON,Mun,2nd
0803741000,PASTRANA,Mun,5th
0803742000,SAN ISIDRO,Mun,4th
0803743000,SAN MIGUEL,Mun,4th
0803744000,SANTA FE,Mun,5th
0803745000,TABANGO,Mun,4th
0803746000,TABONTABON,Mun,5th
0803748000,TANAUAN,Mun,2nd
0803749000,TOLOSA,Mun,5th
0803750000,TUNGA,Mun,6th
0803751000,VILLABA,Mun,3rd
0804800000,NORTHERN SAMAR,Prov,2nd
0804801000,ALLEN,Mun,5th
0804802000,BIRI,Mun,5th
0804803000,BOBON,Mun,4th
0804804000,CAPUL,Mun,5th
0804805000,CATARMAN,Mun,1st
0804806000,CATUBIG,Mun,3rd
0804807000,GAMAY,Mun,4th
0804808000,LAOANG,Mun,2nd
0804809000,LAPINIG,Mun,5th
0804810000,LAS NAVAS,Mun,3rd
0804811000,LAVEZARES,Mun,4th
0804812000,MAPANAS,Mun,5th
0804813000,MONDRAGON,Mun,3rd
0804814000,PALAPAG,Mun,3rd
0804815000,PAMBUJAN,Mun,4th
0804816000,ROSARIO,Mun,5th
0804817000,SAN ANTONIO,Mun,5th
0804818000,SAN ISIDRO,Mun,4th
0804819000,SAN JOSE,Mun,5th
0804820000,SAN ROQUE,Mun,4th
0804821000,SAN VICENTE,Mun,6th
0804822000,SILVINO LOBOS,Mun,4th
0804823000,VICTORIA,Mun,5th
0804824000,LOPE DE VEGA,Mun,4th
0806000000,SAMAR,Prov,1st
0806001000,ALMAGRO,Mun,5th
0806002000,BASEY,Mun,1st
0806003000,CITY OF CALBAYOG,City,1st
0806004000,CALBIGA,Mun,4th
0806005000,CITY OF CATBALOGAN,City,5th
0806006000,DARAM,Mun,3rd
0806007000,GANDARA,Mun,2nd
0806008000,HINABANGAN,Mun,4th
0806009000,JIABONG,Mun,5th
0806010000,MARABUT,Mun,5th
0806011000,MATUGUINAO,Mun,5th
0806012000,MOTIONG,Mun,4th
0806013000,PINABACDAO,Mun,4th
0806014000,SAN JOSE DE BUAN,Mun,4th
0806015000,SAN SEBASTIAN,Mun,6th
0806016000,SANTA MARGARITA,Mun,4th
0806017000,SANTA RITA,Mun,3rd
0806018000,SANTO NINO,Mun,5th
0806019000,TALALORA,Mun,6th
0806020000,TARANGNAN,Mun,4th
0806021000,VILLAREAL,Mun,4th
0806022000,PARANAS,Mun,2nd
0806023000,ZUMARRAGA,Mun,5th
0806024000,TAGAPUL-AN,Mun,5th
0806025000,SAN JORGE,Mun,4th
0806026000,PAGSANGHAN,Mun,5th
0806400000,SOUTHERN LEYTE,Prov,3rd
0806401000,ANAHAWAN,Mun,5th
0806402000,BONTOC,Mun,4th
0806403000,HINUNANGAN,Mun,3rd
0806404000,HINUNDAYAN,Mun,5th
0806405000,LIBAGON,Mun,5th
0806406000,LILOAN,Mun,4th
0806407000,CITY OF MAASIN,City,4th
0806408000,MACROHON,Mun,4th
0806409000,MALITBOG,Mun,4th
0806410000,PADRE BURGOS,Mun,5th
0806411000,PINTUYAN,Mun,5th
0806412000,SAINT BERNARD,Mun,4th
0806413000,SAN FRANCISCO,Mun,5th
0806414000,SAN JUAN,Mun,5th
0806415000,SAN RICARDO,Mun,5th
0806416000,SILAGO,Mun,4th
0806417000,SOGOD,Mun,2nd
0806418000,TOMAS OPPUS,Mun,5th
0806419000,LIMASAWA,Mun,6th
0807800000,BILIRAN,Prov,4th
0807801000,ALMERIA,Mun,5th
0807802000,BILIRAN,Mun,5th
0807803000,CABUCGAYAN,Mun,5th
0807804000,CAIBIRAN,Mun,5th
0807805000,CULABA,Mun,5th
0807806000,KAWAYAN,Mun,5th
0807807000,MARIPIPI,Mun,5th
0807808000,NAVAL,Mun,2nd
0831600000,CITY OF TACLOBAN,City,1st
0907200000,ZAMBOANGA DEL NORTE,Prov,1st
0907201000,CITY OF DAPITAN,City,3rd
0907202000,CITY OF DIPOLOG,City,3rd
0907203000,KATIPUNAN,Mun,2nd
0907204000,LA LIBERTAD,Mun,5th
0907205000,LABASON,Mun,3rd
0907206000,LILOY,Mun,3rd
0907207000,MANUKAN,Mun,3rd
0907208000,MUTIA,Mun,5th
0907209000,PINAN,Mun,4th
0907210000,POLANCO,Mun,3rd
0907211000,PRES. MANUEL A. ROXAS,Mun,2nd
0907212000,RIZAL,Mun,5th
0907213000,SALUG,Mun,3rd
0907214000,SERGIO OSMENA SR.,Mun,2nd
0907215000,SIAYAN,Mun,2nd
0907216000,SIBUCO,Mun,1st
0907217000,SIBUTAD,Mun,5th
0907218000,SINDANGAN,Mun,1st
0907219000,SIOCON,Mun,1st
0907220000,SIRAWAI,Mun,4th
0907221000,TAMPILISAN,Mun,4th
0907222000,JOSE DALMAN,Mun,4th
0907223000,GUTALAC,Mun,2nd
0907224000,BALIGUIAN,Mun,3rd
0907225000,GODOD,Mun,4th
0907226000,LEON T. POSTIGO,Mun,4th
0907227000,KALAWIT,Mun,4th
0907300000,ZAMBOANGA DEL SUR,Prov,1st
0907302000,AURORA,Mun,2nd
0907303000,BAYOG,Mun,3rd
0907305000,DIMATALING,Mun,4th
0907306000,DINAS,Mun,4th
0907307000,DUMALINAO,Mun,4th
0907308000,DUMINGAG,Mun,2nd
0907311000,KUMALARANG,Mun,4th
0907312000,LABANGAN,Mun,3rd
0907313000,LAPUYAN,Mun,3rd
0907315000,MAHAYAG,Mun,3rd
0907317000,MARGOSATUBIG,Mun,3rd
0907318000,MIDSALIP,Mun,4th
0907319000,MOLAVE,Mun,1st
0907322000,CITY OF PAGADIAN,City,2nd
0907323000,RAMON MAGSAYSAY,Mun,4th
0907324000,SAN MIGUEL,Mun,4th
0907325000,SAN PABLO,Mun,4th
0907327000,TABINA,Mun,4th
0907328000,TAMBULIG,Mun,4th
0907330000,TUKURAN,Mun,4th
0907333000,LAKEWOOD,Mun,4th
0907337000,JOSEFINA,Mun,5th
0907338000,PITOGO,Mun,4th
0907340000,SOMINOT,Mun,5th
0907341000,VINCENZO A. SAGUN,Mun,5th
0907343000,GUIPOS,Mun,4th
0907344000,TIGBAO,Mun,5th
0908300000,ZAMBOANGA SIBUGAY,Prov,2nd
0908301000,ALICIA,Mun,3rd
0908302000,BUUG,Mun,3rd
0908303000,DIPLAHAN,Mun,3rd
0908304000,IMELDA,Mun,4th
0908305000,IPIL,Mun,1st
0908306000,KABASALAN,Mun,2nd
0908307000,MABUHAY,Mun,4th
0908308000,MALANGAS,Mun,3rd
0908309000,NAGA,Mun,3rd
0908310000,OLUTANGA,Mun,4th
0908311000,PAYAO,Mun,3rd
0908312000,ROSELLER LIM,Mun,3rd
0908313000,SIAY,Mun,2nd
0908314000,TALUSAN,Mun,5th
0908315000,TITAY,Mun,2nd
0908316000,TUNGAWAN,Mun,2nd
0990101000,CITY OF ISABELA,City,4th
0931700000,CITY OF ZAMBOANGA,City,1st
1001300000,BUKIDNON,Prov,1st
1001301000,BAUNGON,Mun,2nd
1001302000,DAMULOG,Mun,4th
1001303000,DANGCAGAN,Mun,3rd
1001304000,DON CARLOS,Mun,1st
1001305000,IMPASUG-ONG,Mun,1st
1001306000,KADINGILAN,Mun,3rd
1001307000,KALILANGAN,Mun,2nd
1001308000,KIBAWE,Mun,2nd
1001309000,KITAOTAO,Mun,1st
1001310000,LANTAPAN,Mun,1st
1001311000,LIBONA,Mun,1st
1001312000,CITY OF MALAYBALAY,City,1st
1001313000,MALITBOG,Mun,2nd
1001314000,MANOLO FORTICH,Mun,1st
1001315000,MARAMAG,Mun,1st
1001316000,PANGANTUCAN,Mun,1st
1001317000,QUEZON,Mun,1st
1001318000,SAN FERNANDO,Mun,1st
1001319000,SUMILAO,Mun,4th
1001320000,TALAKAG,Mun,1st
1001321000,CITY OF VALENCIA,City,2nd
1001322000,CABANGLASAN,Mun,3rd
1001800000,CAMIGUIN,Prov,5th
1001801000,CATARMAN,Mun,5th
1001802000,GUINSILIBAN,Mun,6th
1001803000,MAHINOG,Mun,5th
1001804000,MAMBAJAO,Mun,3rd
1001805000,SAGAY,Mun,5th
1003500000,LANAO DEL NORTE,Prov,2nd
1003501000,BACOLOD,Mun,4th
1003502000,BALOI,Mun,3rd
1003503000,BAROY,Mun,4th
1003505000,KAPATAGAN,Mun,2nd
1003506000,SULTAN NAGA DIMAPORO,Mun,3rd
1003507000,KAUSWAGAN,Mun,5th
1003508000,KOLAMBUGAN,Mun,4th
1003509000,LALA,Mun,1st
1003510000,LINAMON,Mun,5th
1003511000,MAGSAYSAY,Mun,5th
1003512000,MAIGO,Mun,4th
1003513000,MATUNGAO,Mun,5th
1003514000,MUNAI,Mun,4th
1003515000,NUNUNGAN,Mun,3rd
1003516000,PANTAO RAGAT,Mun,4th
1003517000,POONA PIAGAPO,Mun,4th
1003518000,SALVADOR,Mun,5th
1003519000,SAPAD,Mun,5th
1003520000,TAGOLOAN,Mun,5th
1003521000,TANGCAL,Mun,5th
1003522000,TUBOD,Mun,2nd
1003523000,PANTAR,Mun,5th
1004200000,MISAMIS OCCIDENTAL,Prov,2nd
1004201000,ALORAN,Mun,4th
1004202000,BALIANGAO,Mun,5th
1004203000,BONIFACIO,Mun,4th
1004204000,CALAMBA,Mun,4th
1004205000,CLARIN,Mun,4th
1004206000,CONCEPCION,Mun,6th
1004207000,JIMENEZ,Mun,3rd
1004208000,LOPEZ JAENA,Mun,4th
1004209000,CITY OF OROQUIETA,City,4th
1004210000,CITY OF OZAMIZ,City,3rd
1004211000,PANAON,Mun,5th
1004212000,PLARIDEL,Mun,3rd
1004213000,SAPANG DALAGA,Mun,5th
1004214000,SINACABAN,Mun,5th
1004215000,CITY OF TANGUB,City,4th
1004216000,TUDELA,Mun,4th
1004217000,DON VICTORIANO CHIONGBIAN,Mun,4th
1004300000,MISAMIS ORIENTAL,Prov,1st
1004301000,ALUBIJID,Mun,4th
1004302000,BALINGASAG,Mun,2nd
1004303000,BALINGOAN,Mun,5th
1004304000,BINUANGAN,Mun,6th
1004306000,CLAVERIA,Mun,1st
1004307000,CITY OF EL SALVADOR,City,6th
1004308000,CITY OF GINGOOG,City,2nd
1004309000,GITAGUM,Mun,5th
1004310000,INITAO,Mun,3rd
1004311000,JASAAN,Mun,2nd
1004312000,KINOGUITAN,Mun,5th
1004313000,LAGONGLONG,Mun,5th
1004314000,LAGUINDINGAN,Mun,4th
1004315000,LIBERTAD,Mun,5th
1004316000,LUGAIT,Mun,2nd
1004317000,MAGSAYSAY,Mun,4th
1004318000,MANTICAO,Mun,4th
1004319000,MEDINA,Mun,4th
1004320000,NAAWAN,Mun,4th
1004321000,OPOL,Mun,2nd
1004322000,SALAY,Mun,4th
1004323000,SUGBONGCOGON,Mun,5th
1004324000,TAGOLOAN,Mun,1st
1004325000,TALISAYAN,Mun,4th
1004326000,VILLANUEVA,Mun,2nd
1030500000,CITY OF CAGAYAN DE ORO,City,1st
1030900000,CITY OF ILIGAN,City,1st
1102300000,DAVAO DEL NORTE,Prov,1st
1102301000,ASUNCION,Mun,1st
1102303000,CARMEN,Mun,1st
1102305000,KAPALONG,Mun,1st
1102314000,NEW CORELLA,Mun,2nd
1102315000,CITY OF PANABO,City,3rd
1102317000,ISLAND GARDEN CITY OF SAMAL,City,4th
1102318000,SANTO TOMAS,Mun,1st
1102319000,CITY OF TAGUM,City,1st
1102322000,TALAINGOD,Mun,2nd
1102323000,BRAULIO E. DUJALI,Mun,4th
1102324000,SAN ISIDRO,Mun,5th
1102400000,DAVAO DEL SUR,Prov,1st
1102401000,BANSALAN,Mun,1st
1102403000,CITY OF DIGOS,City,2nd
1102404000,HAGONOY,Mun,2nd
1102406000,KIBLAWAN,Mun,2nd
1102407000,MAGSAYSAY,Mun,3rd
1102408000,MALALAG,Mun,2nd
1102410000,MATANAO,Mun,2nd
1102411000,PADADA,Mun,3rd
1102412000,SANTA CRUZ,Mun,1st
1102414000,SULOP,Mun,3rd
1102500000,DAVAO ORIENTAL,Prov,1st
1102501000,BAGANGA,Mun,1st
1102502000,BANAYBANAY,Mun,2nd
1102503000,BOSTON,Mun,3rd
1102504000,CARAGA,Mun,1st
1102505000,CATEEL,Mun,2nd
1102506000,GOVERNOR GENEROSO,Mun,2nd
1102507000,LUPON,Mun,1st
1102508000,MANAY,Mun,2nd
1102509000,CITY OF MATI,City,5th
1102510000,SAN ISIDRO,Mun,3rd
1102511000,TARRAGONA,Mun,3rd
1108200000,DAVAO DE ORO,Prov,1st
1108201000,COMPOSTELA,Mun,1st
1108202000,LAAK,Mun,1st
1108203000,MABINI,Mun,2nd
1108204000,MACO,Mun,1st
1108205000,MARAGUSAN,Mun,1st
1108206000,MAWAB,Mun,3rd
1108207000,MONKAYO,Mun,1st
1108208000,MONTEVISTA,Mun,3rd
1108209000,NABUNTURAN,Mun,1st
1108210000,NEW BATAAN,Mun,1st
1108211000,PANTUKAN,Mun,1st
1108600000,DAVAO OCCIDENTAL,Prov,4th
1108601000,DON MARCELINO,Mun,3rd
1108602000,JOSE ABAD SANTOS,Mun,1st
1108603000,MALITA,Mun,1st
1108604000,SANTA MARIA,Mun,2nd
1108605000,SARANGANI,Mun,4th
1130700000,CITY OF DAVAO,City,1st
1204700000,COTABATO,Prov,1st
1204701000,ALAMADA,Mun,1st
1204702000,CARMEN,Mun,1st
1204703000,KABACAN,Mun,1st
1204704000,CITY OF KIDAPAWAN,City,3rd
1204705000,LIBUNGAN,Mun,2nd
1204706000,MAGPET,Mun,1st
1204707000,MAKILALA,Mun,1st
1204708000,MATALAM,Mun,1st
1204709000,MIDSAYAP,Mun,1st
1204710000,M'LANG,Mun,1st
1204711000,PIGKAWAYAN,Mun,1st
1204712000,PIKIT,Mun,1st
1204713000,PRESIDENT ROXAS,Mun,1st
1204714000,TULUNAN,Mun,2nd
1204715000,ANTIPAS,Mun,2nd
1204716000,BANISILAN,Mun,2nd
1204717000,ALEOSAN,Mun,3rd
1204718000,ARAKAN,Mun,1st
1206300000,SOUTH COTABATO,Prov,1st
1206302000,BANGA,Mun,1st
1206306000,CITY OF KORONADAL,City,3rd
1206311000,NORALA,Mun,3rd
1206312000,POLOMOLOK,Mun,1st
1206313000,SURALLAH,Mun,1st
1206314000,TAMPAKAN,Mun,2nd
1206315000,TANTANGAN,Mun,3rd
1206316000,T'BOLI,Mun,1st
1206317000,TUPI,Mun,1st
1206318000,SANTO NINO,Mun,3rd
1206319000,LAKE SEBU,Mun,1st
1206500000,SULTAN KUDARAT,Prov,1st
1206501000,BAGUMBAYAN,Mun,1st
1206502000,COLUMBIO,Mun,1st
1206503000,ESPERANZA,Mun,1st
1206504000,ISULAN,Mun,1st
1206505000,KALAMANSIG,Mun,1st
1206506000,LEBAK,Mun,1st
1206507000,LUTAYAN,Mun,2nd
1206508000,LAMBAYONG,Mun,2nd
1206509000,PALIMBANG,Mun,2nd
1206510000,PRESIDENT QUIRINO,Mun,3rd
1206511000,CITY OF TACURONG,City,4th
1206512000,SEN. NINOY AQUINO,Mun,3rd
1208000000,SARANGANI,Prov,2nd
1208001000,ALABEL,Mun,1st
1208002000,GLAN,Mun,1st
1208003000,KIAMBA,Mun,1st
1208004000,MAASIM,Mun,1st
1208005000,MAITUM,Mun,2nd
1208006000,MALAPATAN,Mun,1st
1208007000,MALUNGON,Mun,1st
1230800000,CITY OF GENERAL SANTOS,City,1st
1600200000,AGUSAN DEL NORTE,Prov,3rd
1600201000,BUENAVISTA,Mun,1st
1600203000,CITY OF CABADBARAN,City,6th
1600204000,CARMEN,Mun,4th
1600205000,JABONGA,Mun,3rd
1600206000,KITCHARAO,Mun,4th
1600207000,LAS NIEVES,Mun,2nd
1600208000,MAGALLANES,Mun,4th
1600209000,NASIPIT,Mun,3rd
1600210000,SANTIAGO,Mun,4th
1600211000,TUBAY,Mun,4th
1600212000,REMEDIOS T. ROMUALDEZ,Mun,5th
1600300000,AGUSAN DEL SUR,Prov,1st
1600301000,CITY OF BAYUGAN,City,5th
1600302000,BUNAWAN,Mun,1st
1600303000,ESPERANZA,Mun,1st
1600304000,LA PAZ,Mun,1st
1600305000,LORETO,Mun,1st
1600306000,PROSPERIDAD,Mun,1st
1600307000,ROSARIO,Mun,2nd
1600308000,SAN FRANCISCO,Mun,1st
1600309000,SAN LUIS,Mun,1st
1600310000,SANTA JOSEFA,Mun,3rd
1600311000,TALACOGON,Mun,2nd
1600312000,TRENTO,Mun,1st
1600313000,VERUELA,Mun,2nd
1600314000,SIBAGAT,Mun,1st
1606700000,SURIGAO DEL NORTE,Prov,2nd
1606701000,ALEGRIA,Mun,5th
1606702000,BACUAG,Mun,5th
1606704000,BURGOS,Mun,6th
1606706000,CLAVER,Mun,2nd
1606707000,DAPA,Mun,4th
1606708000,DEL CARMEN,Mun,5th
1606710000,GENERAL LUNA,Mun,5th
1606711000,GIGAQUIT,Mun,4th
1606714000,MAINIT,Mun,4th
1606715000,MALIMONO,Mun,5th
1606716000,PILAR,Mun,5th
1606717000,PLACER,Mun,4th
1606718000,SAN BENITO,Mun,6th
1606719000,SAN FRANCISCO,Mun,5th
1606720000,SAN ISIDRO,Mun,5th
1606721000,SANTA MONICA,Mun,5th
1606722000,SISON,Mun,5th
1606723000,SOCORRO,Mun,4th
1606724000,CITY OF SURIGAO,City,3rd
1606725000,TAGANA-AN,Mun,5th
1606727000,TUBOD,Mun,5th
1606800000,SURIGAO DEL SUR,Prov,1st
1606801000,BAROBO,Mun,3rd
1606802000,BAYABAS,Mun,5th
1606803000,CITY OF BISLIG,City,3rd
1606804000,CAGWAIT,Mun,4th
1606805000,CANTILAN,Mun,2nd
1606806000,CARMEN,Mun,5th
1606807000,CARRASCAL,Mun,4th
1606808000,CORTES,Mun,4th
1606809000,HINATUAN,Mun,2nd
1606810000,LANUZA,Mun,4th
1606811000,LIANGA,Mun,4th
1606812000,LINGIG,Mun,2nd
1606813000,MADRID,Mun,4th
1606814000,MARIHATAG,Mun,3rd
1606815000,SAN AGUSTIN,Mun,4th
1606816000,SAN MIGUEL,Mun,1st
1606817000,TAGBINA,Mun,2nd
1606818000,TAGO,Mun,2nd
1606819000,CITY OF TANDAG,City,5th
1608500000,DINAGAT ISLANDS,Prov,4th
1608501000,BASILISA,Mun,4th
1608502000,CAGDIANAO,Mun,3rd
1608503000,DINAGAT,Mun,5th
1608504000,LIBJO,Mun,5th
1608505000,LORETO,Mun,4th
1608506000,SAN JOSE,Mun,4th
1608507000,TUBAJON,Mun,5th
1630400000,CITY OF BUTUAN,City,1st
1900700000,BASILAN,Prov,3rd
1900702000,CITY OF LAMITAN,City,6th
1900703000,LANTAWAN,Mun,3rd
1900704000,MALUSO,Mun,4th
1900705000,SUMISIP,Mun,1st
1900706000,TIPO-TIPO,Mun,3rd
1900707000,TUBURAN,Mun,2nd
1900708000,AKBAR,Mun,-
1900709000,AL-BARKA,Mun,-
1900710000,HADJI MOHAMMAD AJUL,Mun,-
1900711000,UNGKAYA PUKAN,Mun,-
1900712000,HADJI MUHTAMAD,Mun,-
1900713000,TABUAN-LASA,Mun,-
1903600000,LANAO DEL SUR,Prov,1st
1903601000,BACOLOD-KALAWI,Mun,3rd
1903602000,BALABAGAN,Mun,4th
1903603000,BALINDONG,Mun,4th
1903604000,BAYANG,Mun,5th
1903605000,BINIDAYAN,Mun,4th
1903606000,BUBONG,Mun,2nd
1903607000,BUTIG,Mun,6th
1903609000,GANASSI,Mun,4th
1903610000,KAPAI,Mun,4th
1903611000,LUMBA-BAYABAO,Mun,2nd
1903612000,LUMBATAN,Mun,5th
1903613000,MADALUM,Mun,3rd
1903614000,MADAMBA,Mun,4th
1903615000,MALABANG,Mun,3rd
1903616000,MARANTAO,Mun,2nd
1903617000,CITY OF MARAWI,City,4th
1903618000,MASIU,Mun,5th
1903619000,MULONDO,Mun,3rd
1903620000,PAGAYAWAN,Mun,5th
1903621000,PIAGAPO,Mun,4th
1903622000,POONA BAYABAO,Mun,4th
1903623000,PUALAS,Mun,5th
1903624000,DITSAAN-RAMAIN,Mun,3rd
1903625000,SAGUIARAN,Mun,4th
1903626000,TAMPARAN,Mun,5th
1903627000,TARAKA,Mun,4th
1903628000,TUBARAN,Mun,4th
1903629000,TUGAYA,Mun,5th
1903630000,WAO,Mun,2nd
1903631000,MAROGONG,Mun,4th
1903632000,CALANOGAS,Mun,5th
1903633000,BUADIPOSO-BUNTONG,Mun,4th
1903634000,MAGUING,Mun,2nd
1903635000,PICONG,Mun,4th
1903636000,LUMBAYANAGUE,Mun,4th
1903637000,AMAI MANABILANG,Mun,3rd
1903638000,TAGOLOAN II,Mun,4th
1903639000,KAPATAGAN,Mun,4th
1903640000,SULTAN DUMALONDONG,Mun,6th
1903641000,LUMBACA-UNAYAN,Mun,-
1906600000,SULU,Prov,2nd
1906601000,INDANAN,Mun,3rd
1906602000,JOLO,Mun,1st
1906603000,KALINGALAN CALUANG,Mun,5th
1906604000,LUUK,Mun,3rd
1906605000,MAIMBUNG,Mun,5th
1906606000,HADJI PANGLIMA TAHIL,Mun,6th
1906607000,OLD PANAMAO,Mun,4th
1906608000,PANGUTARAN,Mun,4th
1906609000,PARANG,Mun,2nd
1906610000,PATA,Mun,5th
1906611000,PATIKUL,Mun,3rd
1906612000,SIASI,Mun,2nd
1906613000,TALIPAO,Mun,1st
1906614000,TAPUL,Mun,5th
1906615000,TONGKIL,Mun,4th
1906616000,PANGLIMA ESTINO,Mun,5th
1906617000,LUGUS,Mun,5th
1906618000,PANDAMI,Mun,4th
1906619000,OMAR,Mun,-
1907000000,TAWI-TAWI,Prov,3rd
1907001000,PANGLIMA SUGALA,Mun,3rd
1907002000,BONGAO,Mun,2nd
1907003000,MAPUN,Mun,4th
1907004000,SIMUNUL,Mun,4th
1907005000,SITANGKAI,Mun,1st
1907006000,SOUTH UBIAN,Mun,3rd
1907007000,TANDUBAS,Mun,2nd
1907008000,TURTLE ISLANDS,Mun,5th
1907009000,LANGUYAN,Mun,1st
1907010000,SAPA-SAPA,Mun,3rd
1907011000,SIBUTU,Mun,-
1908700000,MAGUINDANAO DEL NORTE,Prov,1st
1908701000,BARIRA,Mun,4th
1908702000,BULDON,Mun,4th
1908703000,CITY OF COTABATO,City,3rd
1908704000,DATU BLAH T. SINSUAT,Mun,-
1908705000,DATU ODIN SINSUAT,Mun,2nd
1908706000,KABUNTALAN,Mun,5th
1908707000,MATANOG,Mun,4th
1908708000,NORTHERN KABUNTALAN,Mun,5th
1908709000,PARANG,Mun,1st
1908710000,SULTAN KUDARAT,Mun,1st
1908711000,SULTAN MASTURA,Mun,5th
1908712000,TALITAY,Mun,-
1908713000,UPI,Mun,1st
1908800000,MAGUINDANAO DEL SUR,Prov,1st
1908801000,AMPATUAN,Mun,4th
1908802000,BULUAN,Mun,4th
1908803000,DATU ABDULLAH SANGKI,Mun,-
1908804000,DATU ANGGAL MIDTIMBANG,Mun,-
1908805000,DATU HOFFER AMPATUAN,Mun,-
1908806000,DATU PAGLAS,Mun,4th
1908807000,DATU PIANG,Mun,2nd
1908808000,DATU SALIBO,Mun,-
1908809000,DATU SAUDI AMPATUAN,Mun,4th
1908810000,DATU UNSAY,Mun,5th
1908811000,GEN. S.K. PENDATUN,Mun,4th
1908812000,GUINDULUNGAN,Mun,-
1908813000,MAMASAPANO,Mun,5th
1908814000,MANGUDADATU,Mun,-
1908815000,PAGAGAWAN,Mun,5th
1908816000,PAGALUNGAN,Mun,1st
1908817000,PAGLAT,Mun,-
1908818000,PANDAG,Mun,-
1908819000,RAJAH BUAYAN,Mun,-
1908820000,SHARIFF AGUAK,Mun,2nd
1908821000,SHARIFF SAYDONA MUSTAPHA,Mun,-
1908822000,SOUTH UPI,Mun,4th
1908823000,SULTAN SA BARONGIS,Mun,2nd
1908824000,TALAYAN,Mun,4th
1999901000,KAPALAWAN,Mun,-
1999902000,OLD KAABAKAN,Mun,-
1999903000,KADAYANGAN,Mun,-
1999904000,NABALAWAG,Mun,-
1999905000,PAHAMUDDIN,Mun,-
1999906000,MALIDEGAO,Mun,-
1999907000,LIGAWASAN,Mun,-
1999908000,TUGUNAN,Mun,-
